{
  "finished_requests": 20,
  "avg_total_time": 68303.0,
  "avg_time_per_cycle_per_request": 3481.3895490266136,
  "avg_total_time_by_initial_length": {
    "1-256": 86221.5,
    "257-512": 4532.0,
    "513-1024": 64001.0,
    "1025-2048": 73789.2,
    "2049-4096": 70516.875,
    ">4096": null
  },
  "finished count": {
    "1-256": 2,
    "257-512": 1,
    "513-1024": 4,
    "1025-2048": 5,
    "2049-4096": 8,
    ">4096": 0
  },
  "num_batches": 2,
  "avg_batch_cost": 2222.2995251017637
}