{
  "finished_requests": 80,
  "avg_total_time": 187744.7125,
  "avg_time_per_cycle_per_request": 21207.911842437235,
  "avg_total_time_by_initial_length": {
    "1-256": 253418.33333333334,
    "257-512": 112880.5,
    "513-1024": 188942.9,
    "1025-2048": 158122.85714285713,
    "2049-4096": 204709.30952380953,
    ">4096": null
  },
  "finished count": {
    "1-256": 3,
    "257-512": 4,
    "513-1024": 10,
    "1025-2048": 21,
    "2049-4096": 42,
    ">4096": 0
  },
  "num_batches": 3,
  "avg_batch_cost": 5431.350201173074
}