{
  "finished_requests": 80,
  "avg_total_time": 178706.6125,
  "avg_time_per_cycle_per_request": 11734.950980186779,
  "avg_total_time_by_initial_length": {
    "1-256": 280726.0,
    "257-512": 87671.0,
    "513-1024": 198636.8,
    "1025-2048": 158761.09523809524,
    "2049-4096": 185317.04761904763,
    ">4096": null
  },
  "finished count": {
    "1-256": 3,
    "257-512": 4,
    "513-1024": 10,
    "1025-2048": 21,
    "2049-4096": 42,
    ">4096": 0
  },
  "num_batches": 2,
  "avg_batch_cost": 5560.487295081967
}